1,0,original sound - The Mannii Show,"freecomedy, themannii",the_mannii,0
1,1,original sound - yincard,"redditparanormal, scaryredditstories, yincardify, horrorstories, fyppppppppppppppppppppppp, horroredit, reddit, fyppp, horrortok, redditstories",yincardify,177800
1,2,original sound - Mind Blowing Facts,"randomfacts, learnontiktok, factsyoudidntknow, random, fact, curiosities, satisfying, relaxing",mindblowingfacts16,243400
1,3,u better f me like u mean it - ğ–—ğ– â˜†,m,nataliesanft,651800
1,4,åŸè² - IMZ1 | GIRLS BAND,,kagiristwins,85200
1,5,Cobra - Megan Thee Stallion,,jadenrabago,89000
1,6,som original - dan,"fyp%E3%82%B7, foryoupage, foryou, fyp",elisa.blla,85800
1,7,original sound - tlc,1000lbsisters,tlctv,799500
1,8,sonido original - ğ•¾ğ–™ğ–—ğ–Šğ–Šğ–™ğ–ˆğ–ğ–ğ–‘ğ–Šğ–Š,"@monse._gr1, viral, viralvideo, paratodoti, vira, fip%E3%82%B7, pppppppppppppppp, macx1000, vamospormas%E2%9D%A4%EF%B8%8F%E2%9D%A4%EF%B8%8F%E2%9D%A4%EF%B8%8F%E2%9D%A4%EF%B8%8F%E2%9D%A4%EF%B8%8F, jajajajajajajajajajajajajaja, top, amorpropio, hermosasdetiktok, locasperofelices, hermo, mujerbella, amordefamilia, masrehehija%E2%9D%A4%EF%B8%8F, cherleader, seca, deport, viral, jerekleinmiunicoamor, jereklein%E2%99%A5%EF%B8%8F",lissette.vargas,20100
1,9,Chill Vibes - Tollan Kim,,kamygrant,147900
1,10,original sound - Leilani,"pov, povss, povstories, povcomedy, actors, actinglife, actorsoftiktok, studentlife, collegelife, collegeguys, comedyskit, foryoupage, viraltiktok, fyp, trending, viralvideo, relatable, students",lovelyleilani24,152100
1,11,original sound - Hiwaga,,luv.lexa418,455800
2,0,Come Outside - Jaliyahma,,theerealnettee,885900
2,1,Oh so we are being RUDE - Brittnea ğŸ¾,,_lilbaby_lexiii,85300
2,2,Blade Runner 2049 - Synthwave Goose,"lazydumplingmaker, canitsurvive%3F, dumplings",lazydumplingmaker,39400
2,3,original sound - ğŸ‘¾,"foryoupage, commentspositive%E2%9D%A4%EF%B8%8F, fyp%E3%82%B7, reactions, cringe, cringereaction, cringetok, foryoupage, commentspositive%E2%9D%A4%EF%B8%8F, reactions, reactions, fyp%E3%82%B7, commentspositive%E2%9D%A4%EF%B8%8F, foryoupage",glitch._.reacts,278300
2,4,original sound - Tyler Fay jâ˜†,,3eyebillygoat,603100
2,5,original sound - kshi,,kikiiana_,829200
2,6,MR. TAKE YA B*TCH (FEAT. CHRISEANROCK) - Lil Mabu & CHRISEAN ROCK,fyp,kaylamalecc,344500
2,7,original sound - haileena,"fyp, foryoupage, viral",that.seann,629700
2,8,original sound - Funniest,,baby_ok125,552300
2,9,original sound - pumpkinblushspam,"@motelrocks, motelrocks",sierrahaschak_,90100
2,10,Johnnie guilbert - Evilâ€‚Mikeyâ€‚Way,"xyzbca, fyp, foryoupage, johnnieguilbert, jakewebber, @gracinvkrz1",headfirstforfrankiero,686200
2,11,original sound - odelmis,,odelmiscooks,190000
2,12,original sound - Sierra Ann,cooking,sisiiuwu,64800
2,13,original sound - Jas Dior,"fyp%E3%82%B7%E3%82%9Aviral, foryoupage, viral, blowthisup, trending, justforfun, foryou, viral, taylorayani",missayaniii,45000
2,14,Blick - ScarLip,"princezzparis, chocolatedroppp",chocolate_.droppp,295500
2,15,original sound - user3885583914500,"pov, foryou",mialaniaurora9,116800
2,16,original sound - Tea Baggins,"fyp, foryoupage, xybca, drizzy, drizzydrake, funny, drpepper",drizzy.drake14,0
2,17,original sound - Lala,"lala_sadii, pov, foryou, fyp, viral, trend, vlog, everyday, dailyvlog, relatable, shower, morning, bloompartner",lala__sadii,0
2,18,original sound - HBO,"outfitideas, outfitinspo, chubbyoutfitideas, chubbygirl, chubbygirloutfitideas, tiktokshop",sheesh_grwm,38600
2,19,RAHHHH (sped up) - alt!,greenscreenvideo,gottaluvvmarika,437400
2,20,Cuss a lil METAL edition - Matt Bevan,"fyp, foryoupage, fypage, fy, tina",kaydonnelly2,873300
2,21,original sound - ellz â˜¾ | sturniolovzn,"chrissturniolo, chrissturnioloedit, sturniolotriplets, sturniolotripletsedit, sturniolovzn",sturniolovzn,82000
2,22,original sound - Big Boogie,"viralvideo, trending, explorepage, goviral, trend, fypage, relatable, fyp, fypviral, foryourpage, viraltiktok",wileoworld,326000
2,23,Funny - Gold-Tiger,"siblings, challenge, funny, fyp, challengeaccepted",erisa_laska,55000
2,24,Keep Dat Clean Radio Edit By iCandy - Soap Radio. ğŸ§¼,"@dont_look____, questions, teenmom, %F0%9F%92%9F%F0%9F%92%9F, fyp, foryoupage",evelynnandhazell,10100
2,25,original sound - ğŸ¥€cheesemuffinğŸ¥€,"jakeandjohnnie, jakeandjohnnie, johnnieandjake, johnnieguilbert, johnnieguilbert, johnnieandjake, johnnieguilbert, johnnie, johnnie, jakewebber, jakewebber9, jakewebber, jake, jake, fyp, foryoupage",muffinsaresmexy,104400
2,26,original sound - â˜…,"jake, @johnnieguilbertreal, @jakewebber9, fyp, johnnie, jake, johnnieguilbert, jakewebber, edited, funny, viral, 2023, 2024, newyear, youtube, youtubers",xx..editsxx0,225000
3,0,Dance for you BeyoncÃ© - kEnZiE ğŸ«¨,"fyp, viral, koolinwithkaii",kaiikillahoe,67500
3,1,my humps x barbie girl remix by clouds.s0ftt - zaiâ„¢,"foryoupage, viral, 3kaidenn",3kaidenn,326900
3,2,original sound - youpovs,"povs, foryou, foryoupage",youpovs5,26300
3,3,Hi - temoc,"jakewebber, samgolbach, colbybrock, samandcolby, jakeandjohnnie, fyp, fyp%E3%82%B7, fypage, relatable, fyp%E3%82%B7%E3%82%9Aviral, fyppppppppppppppppppppppp, real, blowthisup, @colbybrock",guilbertzs,56200
3,4,original sound - ğ—¢ğ—™ğ—™â„¢,,bxby..divna,0
3,5,original sound - âœ®â˜† Faith Edits â˜†âœ®,"jakewebber, johnnieguilbert, tarayummy, jakewebberedit, fyp%E3%82%B7, fyp, foryoupage",faith.fl4,611400
3,6,original sound - ê©œkaiê©œ,"jakewebberclips, jakewebbermoments, jakewebber9, @jakewebber9",kaii....kaiii,379700
3,7,original sound - Breana clough,,breana.clough_,233300
3,8,Birthday Sx - ğŸŒ·,,mommyyjoshuaa,82300
3,9,Clay Pigeons - Michael Cera,,itzjasmenee,0
3,10,original sound - Gio,,gioisboreddd,523700
3,11,original sound - AlieğŸ˜œ,"@jakewebber9, fyp, urfav_aliee, xybca, fypageeeee, bestfriend, jakewebber, fyp",urfav_aliee,468200
3,12,mega - marcusğŸ”›ğŸ”,"yappin, 1stperiod, morning",___.eclipse___,318600
3,13,som original - âœ¦,,vicky2fineeeee,256700
3,14,original sound - Snc.dxğŸ––,"fyp, foryou, viral, jake, jakewebber, jakewebber9, tara, tarayummy, jakeandtara, jara, romanempire",snc.dx,381900
3,15,original sound - MapleğŸ(Jakes version),"fyp, viral, @jakewebber9, @johnnieguilbertreal",jake_johnniee,56500
3,16,original sound - trinitey ğŸ’,,odelmiscooks,21200
3,17,Turks and Caicos by Rod wave - MUAHğŸ’‹,@theyhategavinn,gioisboreddd,75000
3,18,son original - Yasmine_roblox,"foryou, pourtoi, roblox, mm2, lol, murder, mdr",yasmine0_01,93800
3,19,original sound - Kriss&Esme,"grwmroutine, getreadywithme, grwm, olivegarden, foodie, dinnertime, grwmmakeup",krissleos,88700
3,20,original sound - The Relationship Hub,,mckenzibrooke,73500
3,21,original sound - á¶œ,"tarayummy, tarayummy, tarayummyedit, jakewebber, johnnieguilbert, fyp, viral, famous, noticed, shopping, tarayummyyedits, xcyzba",guilbertsgfz,0
3,22,original sound - ğ•­ğ–Šğ–˜ğ–™ ğ–”ğ–‹ ğ•¾ğ–”ğ–“ğ–Œğ–˜,"foryou, fyp, foryoupage, fyp%E3%82%B7",elisa.blla,502900
3,23,original sound - dominique,"fyp, nyc, skit",nojill,384400
3,24,Watch your mouth - Female Rap,foryou,asiamonetrayyy,67900
3,25,do ya like - coinyes,"fyp, bday, birthday, itsmybirthday, 21, finally21, sweet16, 16",averypeddicord,634800
3,26,original sound - Rob49up,,td.da.kid,16700
3,27,original sound - á¶œ Ê° Ë¡ Ë¡ Ë£ áµ‰ áµˆ â± áµ— Ë¢,,sswaggmoney,0
4,0,origineel geluid - ece (sugaâ€™s version),"straykids, straykidscomeback, bts_official_bighit, bts, kpop, fyp, luveces",luveces,333200
4,1,original sound - Keeks,"fyp, viral",keonclarkee,435000
4,2,tumblr girls - Kim KardashianğŸ‘,,thisisrandomyea,580300
4,3,original sound - McKenzie,"cheatingprank, gotem, couplescomedy",mckenziesemaan,152600
4,4,original sound - mikayla,"justiceforadam, adamsimjee, cheahastatepark, alabama, truecrimetiktok",mikastrophe,0
4,5,yes and - chan,drinktok,laurengodwin,0
4,6,I LIKE TO PARTY - Sdot Go & SweepersENT & Jay Hound & Sha Gz & Jay5ive,"fyp, jessate, viral",itzzz_justtjess,275800
4,7,original sound - grandma_droniak,,grandma_droniak,681000
4,8,original sound - NasFromTheGram_Fn_cl,"iamkartier, dogsoftiktok, pet, blowthisup, fyp%E3%83%84, viral, dog",iamkartier,590600
4,9,original sound - sath - à¹€à¸®à¸µà¸¢à¹‚à¸ˆà¹‰à¸¡à¸±à¸‡à¸à¸£à¸—à¸­à¸‡,,piperrockelle,115900
4,10,sonido original - Mauro RossielloğŸª¬,asmr,maurorossiello,200900
4,11,original sound - LukeDidThat.Fan,"spicyfood, spicy, mukbang, challenge, asmr, fyp, fyp%E3%82%B7, %F0%9F%A5%B5, %F0%9F%A4%A4",lukedidthat.fan8,0
4,12,original sound - braydin,"fyp, relatable, school, fyp%E3%82%B7",chloedaflowy,323800
4,13,original sound - thathandsomefella,"roblox, imjakebruh, fyp, foryoupage, fyp%E3%82%B7, adoptmeroblox, adoptme, adoptmepets, scammed, 2020, sigma, mog, dahoodfyp, famous, viral, funny, xybca, demon",imjakebruh,40900
4,14,original sound - M âœ¿,"fyp, viral, blowup%3F, goofyvideo%F0%9F%92%80, funny, dharmann",.totallydrxzma,0
4,15,Originalton - .,,asaliraniii,64200
4,16,original sound - Tc,"fyp, foryou",eli_unique_,27100
4,17,Originalton - ğŸ§˜ğŸ¾â€â™€ï¸,"brownboys, whiteboys, fy, mytype, trending",safira.vsg,379800
4,18,original sound - ğŸ’•Sheila Campbell,"foryou, fyp%E3%82%B7, relatable, viral, relationship",isabellabbaby,416500
4,19,original sound - ğ“°ğ“ªğ“»ğ“²ğ“«ğ“ªğ”‚â¤ï¸,"ral, fyp, viral, him, inlovewiththemoneyiaintneverlettinggo",crystalll.pt2,273800
4,20,original sound - raquelleğŸ”›ğŸ”,"fyp, funny, viral, xyzbca",patrickkdonley,384800
4,21,original sound - fallon,"jjmaybank, jjmaybankedit, outerbanks, outerbanksedit, obx, obxedit, rudypankow, fyp",fallonbtw,0
4,22,original sound - Ant,,toomuchanthony,143100
4,23,original sound - clips.theboondocks,"fyp, foryou, foryoupage, viral, relatable, blowthisup, xyzbca",yk_william_,58800
4,24,twirlanta - wzvrsl,"famous, fyp, foryou, foryoupage, trending, makemefamous, inbenwetrust, viral",benwentviral,0
4,25,underneath the tree - c â£ï¸,@eliseeeee.d,stinkycrafts,66800
4,26,Something In The Way - Nirvana,,zjcoffield,0
5,0,Rollie got mopped - â€˜ ğŸ˜.,"kingmonaire, puppylove",thekingmonaire,220400
5,1,original sound - Comedy!,,comedyvideo_no4,175800
5,2,XD - El gato pro 777,"lolz, imthefunniestpersonalive, imfunnyipromise",ell3.nnn,0
5,3,BLACKOUT. Thekatiebradshaw - Katie Bradshaw,"fyp, viral, annielay12, 2021, curls",annielay12,305000
5,4,Hr EEYUH - YewğŸ’«,,asaliraniii,49100
5,5,follow ladvblep - julie,"n%C3%BCrnberg, moldova%F0%9F%87%B2%F0%9F%87%A9",stela_nbg2,0
5,6,original sound - ğŸ¥,"language, relatable, funny, fyp, xybca",biscuito_18,139000
5,7,snowfall - Ã˜neheart & reidenshi,"horses, yegua, fyp%E3%82%B7, parati, mylove, caballos, eyetrend",priscillaaa2_,660600
5,8,GIVE IT TO ME X LONDON BRIDGE - ALTÃ‰GO,"@smartarches, finalreveal, newsmile, dentalimplants, mysmile, happy, reveal",iamtoothlessandruthless,0
5,9,original sound - Jay,"@yadipr_5, fyp, pourtoi, explorepage, explore, viral, outfit, sameoutfit, seakers, florida, fyp%E3%82%B7",yohan_lbt,0
5,10,original sound - snowğŸ’•,"chickenwang, huskiesoftiktok, dogtok, disableddogsoftiktok, dogsofttiktok, trexarms, dogsoftiktokviral",chickenwangblu,0
5,11,original sound - ubuh,"fyp, foryou, acting, pov",ubuh58,30100
5,12,original sound - #heartbreaker,,asaliraniii,79400
5,13,original sound - ğŸ¤«ğŸ§,"itsmondaymorningigettigotoschooltoday, frr, howtheteacherexpextsustowakeupinmonday",ftbl053,0
5,14,original sound - retq,,dalton.ferguson,13300
5,15,flawless diamonds - Tylxrrrâ„¢,"kahoot, class, kids, highschool, school, foryou",moreforsports,242900
5,16,original sound - bz2real,"fyp%E3%82%B7, viral, xyzabc, zyxcba, share, relatable",bz2real,576400
5,17,La Tos del Coronavirus by Hey Santana - Hey Santana,"fyp, viral, blowthisup, crunchycough, jesuslovesyou, foryoupage, fypppppppppppppppppp, foryou, fyp%E3%82%B7, trending",l0v3rtoriii,111200
5,18,Iâ€™m The Shit - Sexyy Red,"viral, trending, prettygirls, imanmarie, viralvideo",imanmarieeee_,197000
5,19,original sound - MuchMusic,@djflatlinelay,much,755400
5,20,original sound - jv,"hedidntbringhisphone, icansendyoutheaddress, trendingsound",krissleos,34400
5,21,original sound - #v4mp,loyal,jaimeadler,55900
5,22,Right Round - Flo Rida,"familytime, mommydaughter, part2",marilynn.prieto,0
5,23,Original Sound - Unknown,fyp%E3%82%B7,ellaa.070,318200
5,24,original sound - .,"fyp, corben, xyzcba, viral, famous, trendy, quote",corbynn1,557400
5,25,original sound - â¤ï¸â€ğŸ©¹,"fyp, slay, bf, tx",miaxsimon,489200
5,26,original sound - CALL ME CECEğŸ’•,"fyp, fyp%E3%82%B7%E3%82%9Aviral, fypage, xzyabc, rude, leftout, trinding, duo, triomandili, fyp%E3%82%B7%E3%82%9Aviral, w, nah, fyppppppppppppppppppppppp, gahaha, sasacilo, pupsik, mearvaramerikeli, bow",tupayatup,30000
5,27,origineel geluid - mixedhits,,whytheyhatethaddeus,75700
