1,0,Chill Vibes - Tollan Kim,"fortnite, fortnitetips, fortnitetipsandtricks, fyp",1deflay,206600
1,1,original sound - doyoucareğŸ˜,"salmajabarbique, fyp, foryoupageofficiall, fyp%E3%82%B7, foryourpage, crocs, converse, shoes, trend",salmajabarbique,1800000
1,2,original sound - Blondemilkman,"fyp, pbjerry, foryoupage, xybca, makeuptutorial, fyp%E3%82%B7%E3%82%9Aviral",playboi.jerry2x,30600
1,3,original sound - Logan Micke,loganmicke,loganmicke,105900
1,4,CoCo Butter - Retroj,"fyp, viral, itsoucyeli",itsoucyeli,730200
1,5,Ğ¾Ñ€Ğ¸Ğ³Ğ¸Ğ½Ğ°Ğ»ÑŒĞ½Ñ‹Ğ¹ Ğ·Ğ²ÑƒĞº - ĞºĞ¾Ñ‚Ñ‘Ğ½Ğ°,"%D0%BF%D0%B5%D1%80%D0%B5%D0%BF%D0%B8%D1%81%D0%BA%D0%B0, %D1%84%D0%BE%D0%BD, %D1%80%D0%B5%D0%BA%D0%BE%D0%BC%D0%B5%D0%BD%D0%B4%D0%B0%D1%86%D0%B8%D0%B8, rek, %D1%80%D0%B5%D0%BA, %D1%80%D0%B5%D0%BA%D0%B8, %D0%BA%D0%BE%D1%82%D0%B8%D0%BA%D0%B8, %D0%BC%D1%8B, meandyou",kootenaa,1100000
1,6,original sound - AmyahğŸ’•,"fyp, tiktok, familyflawsandall, tiktokchallenge, rewindablemoments, blowthisup, amyah_bennett, aj, viral, viraltiktok, fypage, trend, notamyahh%F0%9F%92%95",amyahh_bennett,91900
1,7,ANITA MAX WYNN jersey fazo - fazoğŸ’«,"skirt, menskirt, baggyjeans, streetwearinspo",yungalyy,12100
1,8,Ñ‡Ğ¾Ğ¾Ğ¾Ğ¾ - ğ™¢ğ™šğ™¤ğ™¬?ğŸŒ·,"trending, funny, funnyvideos, meme, fyp",memefun2030,727
1,9,Originalton - M7Memes,"meme, fyp, mademyday",m7memes,221800
1,10,sunet original - Victor drx99,,dddaisy._,33500
2,0,som original - Mariany Belsi,"marianybelsi, paravoce, foryou, viral, fy",mariany_belsi,583600
2,1,original sound - Comedy!,,comedyvideo_no4,179800
2,2,PITCH THAT ASS - MR. OH MY GAWD ğŸ˜,,yk.quotezz_,44600
2,3,original sound - Reddit Stories,"storytime, redditstories, relatable, reddit, redditreadings, cookingasmr",redd1t.st0riesss,1066
2,4,Gaichite - Misha Xramovi,"meme, fyp, foryou, funnyvideo, viralvideo, %F0%9F%A4%A3%F0%9F%A4%A3%F0%9F%A4%A3",funnyvideos.770,8318
2,5,nháº¡c ná»n - Cutebaby.funny ğŸ‘€,,funny.babay.14,30000
2,6,original sound - The Gabriels,"@itskleoniki, @montygeer, @massimospizza",evaandjavier,213200
2,7,Ğ¾Ñ€Ğ¸Ğ³Ğ¸Ğ½Ğ°Ğ»ÑŒĞ½Ñ‹Ğ¹ Ğ·Ğ²ÑƒĞº - ğŸ¦‡,"y2k, y2koutfits, southpole, southpolejeans, truereligion, trueleigionjeans, bbbelt, rickowens, ricks",vanceshawty,16500
2,8,Airplane mode prodbyabnornal - Jenesis âœ¦,"fyp, foryoupage, foryoupageofficiall, sanni, 80k, blowthisup%3F, foryou, 100k, views, zyxcba, beyourself, makemefamous",humbleupking,197600
2,9,original sound - cosplayy.1,,cosplayy.1,71000
2,10,original sound - .,@andrewaguirre_559,vals..pt2,1500000
2,11,original sound - âœ©,,prisca_lucia,436000
2,12,Ğ¾Ñ€Ğ¸Ğ³Ğ¸Ğ½Ğ°Ğ»ÑŒĞ½Ñ‹Ğ¹ Ğ·Ğ²ÑƒĞº - admspider,,admspider,207700
2,13,original sound - Big Manny,"chemistry, science, experiment",big.manny1,1300000
2,14,SLOWED CORE - Phonk - J4H3D,"satisfying, tiktokfood, lifehack",kyleistook,86600
2,15,suono originale - marcotheallegro,"perte, virale, perteeee, memeita",marcotheallegro,193000
2,16,son original - massymoussi,"@tammybradley6, anesthesia, hospital, nurse, rizz, foryou",wannaft_banana,395500
2,17,Creepy and simple horror background music(1070744) - howlingindicator,,justinthekid,625300
2,18,sonido original - lyrsae,,fuyuhiko.maeda,23000
2,19,original sound - Alvardo,"fyp%E3%82%B7, foryou, movieclips, funny",alvardo.nb,159900
2,20,RINDU_SEMALAM_MEYLIEN_TIK TOK - meylien.thea ğŸ¦¨,"roblox, robloxfyp, robloxmemes, dance, zzzhng",zho_ong,1800000
2,21,Lisztomania - Phoenix,1nito_,1nito_,47100
2,22,yall be eatin the plate up - memawneedsmoney,"@themiyanevaeh, tufcrj, kinigradeon, fyp, viral",rj_tufc,99300
2,23,original sound - Goodlin Siblings,"dogsoftiktok, rescuedogs, fosterdogs",thegoodhype,2800000
2,24,Originalton - Lee1ï¸âƒ£ğŸ…¾ï¸5ï¸âƒ£z,,.jxrttt,62600
2,25,8 o clock in the morning - 666lolkevin,"fyp%E3%82%B7%E3%82%9Aviral, fy, goviral, trending, relatable, viral, food",rubdagoat,1706
2,26,cosmocx - COSMOCX,"fyp, fortnite, goviral, famous, viralvideo",crazyyyyy3466,17500
3,0,sonido original - NORBITğŸ‘‘,"ddosama, foryou, fyp, norbit_edits",norbit_edits,9338
3,1,som original - elecemaximo22,"fyp, paravoce",samu.holzhacker,137200
3,2,poetic justice sped up - ğŸ§,cjayxmeya,meya_manson,219800
3,3,Funny - Gold-Tiger,"tall, family, shortking",marietemara4.0,5180
3,4,original sound - Food Dudes,"easyrecipe, crockpotmeals, familyrecipe, homecooking",fooddudescook,643700
3,5,"Spooky, Quiet, Scary Atmosphere Piano - Bucyrus Audio","textstories, fyp, texts, creepy, scary, storytime, textstory, scarytexts",textcreepy,21000
3,6,Funny - Gold-Tiger,"foryou, fyp",miusuu362,21000
3,7,original sound - Rowheim Farooqui,"mcdonalds, drivethru, dallas",rowheimfarooqui,231400
3,8,original sound - spo6kzie,fyp%E3%82%B7,lay2tactty,128199
3,9,original sound - albert_cancook,pizza,albert_cancook,693600
3,10,som original - sara,"fyp, skate, drain, fitcheck",skatereknadywanach,155000
3,11,original sound - Grandview HS Cheer,"fyp, foryou, miyanevaeh, wtofam",themiyanevaeh,18900
3,12,Dramatic Military - Faid rafanda,"scary, ghost, horror, mystery, fyp, viralvideo, paranormal, trending, viraltiktok, trend, viral, fpy",betausa89,2490
3,13,original sound - nat â˜†,"@h_akhleif1, fakefriend, story, part3, piperrockelle, emilydobson, levcameron",nata.vsp,22500
3,14,original sound - niya,"fyp%E3%82%B7, thegrinch, twins, finalsweek",madimaet,122900
3,15,origineel geluid - Aqua,"4k, kingvon, edit, rapper, viral, rip, foryou",aquaaeditor,20200
3,16,Ø§Ø¨Ø§Ø­Ø§Ù‡ Ø§Ù„Ù…Ù„ÙƒØ© Ø´ÙˆÙ‚ - DJ Shoug,"kangyunabadthinkingdiary, navia, utahime, yuki, mamiyana, zyxcba, unflopmetiktok, fyppppppppppppppppppppppp, fypmototiktok, foryoupage, foryourpage",i_love_womens,141500
3,17,original sound - Mileena,"@m6sscre, @3xtrem3vs, mk1efit, mortalkombat, mortalkombat1, kitana, kitanaedit",mileenafilms,331500
3,18,Originalton - Cinimemes,"delicious, egg, relatable",cinimemes,65700
3,19,Ğ¿Ñ€Ğ¸Ğ²ĞµÑ‚ Ğ¿Ñ€Ğ¸Ğ²ĞµÑ‚ 2009 st slowed - ğŸ’¬,"adrenaline, cry, like, fjp%E3%82%B7, foryoupage, fjp",carspotbelgium13,198500
3,20,original sound - Abos F30,"fyp, bmw, abosf30, porsche, m3cs",abosf30,797200
3,21,original sound - spo6kzie,"fyp, viral, philly",jordan2chill,10900
3,22,original sound - nottiosamaaa1,"nottiosama, ethanreyes, e4n, forever14, rip, foryou, viral, nydrill, harlem",nottiosamaaa1,9045
3,23,"Spooky, quiet, scary atmosphere piano songs - Skittlegirl Sound","skinwalker, scary, scaryvideos, horror, creepy",allthehorrorusa,369300
3,24,original sound - NBA YOUNGBOY,"heart, fyp, ontopmelo, fyp%E3%82%B7",ontopmelo__,45500
3,25,KYLE RICHH x NO MORE EXCUSES - EazyOnTheTrack,"foryoupage, richboytroy, fyp, richboytroy, rbt, rbt, foryourpage",richboytroynewpage,120600
3,26,original sound - Tea Baggins,"fyp, foryoupage, xybca, drizzy, drizzydrake, funny, drpepper",drizzy.drake14,1300000
3,27,original sound - TheNight,"fyp, viralvideo, trend, xybca",kahlilpatricio,91500
3,28,original sound - CheezaAfrikanaDancekids,benetnicole,_b.enet,192600
4,0,original sound - alex,"@andrewemily16.official, @austano34",andrewemily16,58000
4,1,kardan adam yapsak senle - âœ¯,,actually_isaiah,82100
4,2,original sound - Rowheim Farooqui,"boba, desserts, dallas",rowheimfarooqui,25800
4,3,original sound - liv ( taylors version ),"sotruetho, fyp%E3%82%B7, crush, bsf, fyppppppppppppppppppppppp",taylxr..swift13,450200
4,4,original sound - ğŸ¥Lockerz,"fishing, scary, fish",lockerz610,299400
4,5,original sound - Decblazar,"usa_tiktok, %F0%9F%93%B1, fyp, miniphone, iphone, giftfrombrother, coolthings, goodvibes, cutephone, tech, funny, childphones, smartphonetest, smartminiphone",decblazar,3229
4,6,Ø§Ù„ØµÙˆØª Ø§Ù„Ø£ØµÙ„ÙŠ - Ø¯ÙŠØ±ÙŠ,"fyp, funnyvideo, trending, funny",_respect.official,11800
4,7,original sound - ê¨„ Skyy ê¨„,"laylowjacksonandmiya, edit, cheating%3F, wtosquad, nomoretags",skyyluhvss,21200
4,8,original sound - Quemillion,quemillion,quemillion1,169200
4,9,nháº¡c ná»n - Cileca,"funnyvideos, funny, cute, fyb",neznudvtcal,67000
4,10,Chopin Nocturne No. 2 Piano Mono - moshimo sound design,,liceall1,20300
4,11,original sound - Steve,"gameday, mytwin, basketball",bx.bella,278800
4,12,original sound - Cole Walliser,"oliviarodrigo, colewalliser, glambotbts, livefrome, grammys",colewalliser,14700
4,13,UKRAINE - Jay Hound & Jay5ive & SweepersENT,"mora, 2rare, sweepers, newyork, nydrill",2raree,163700
4,14,alkuperÃ¤inen Ã¤Ã¤ni - Jamppazu,"whoheem, whoheemletslink, letslink, whoheemedit, whoheemeditz, whoheemofficial, whoheemsongs, whoheemlyrics, 2020trend, lyrics, edit, music, blowthisup, viral, bangersquad, bangermusik, jamppazu, jamppazuedits, 2020bangers, trendingin2020, whoremembersthisone%E2%98%9D%EF%B8%8F, letslinkedit",jamppazu,130100
4,15,original sound - Ozzy GmodTV,"garrysmod, nextbot, chase, horror, gmod_videos, meme, poolrooms, terrifying, chase, ozzygmod, ozzygmodtv, foryou, viral, fyp, xyzbca",ozzygmodtv,1518
4,16,original sound - ğ’ğ€ğ‘ğ€ğ‡,"fyp, viral, xybca, blowup%3F, @jusschris_",.thisisnotzay2.0backup,69900
4,17,original sound - spo6kzie,"fyp, real",user1927363983,384000
4,18,Originalton - Memes4Life,"viral, meme, foryou, fyp%E3%82%B7%E3%82%9Aviral, fyp%E3%82%B7, daily, dog, snacks",memegodgermany,688300
4,19,original sound - Henryâœ¨ğŸ’¤,"nicaragua%F0%9F%87%B3%F0%9F%87%AE, bachata, fyp",keenny_martinez,224900
4,20,AÃ­ crlh e o SodrÃ© - SodrÃ©_021,"fyp, paravoce",samu.holzhacker,102900
4,21,Originalton - David-GoatğŸ”¥,"jamal, school, toilets, fyp, funny",david_messi_g.o.a.t,292200
4,22,original sound - á´³á´¬á´± á–­à½²à¼á–«à¾€ğŸŒ¿ğŸ«,,diamantblazi,9507
4,23,suono originale - Drippy14ğŸ‡§ğŸ‡·,"usa, usadrip, usastyle, drip, drill, viral, makethisgoviral, 500kvisual, makemefamous",_drippy_14,6654
4,24,Water - Tyla,"fyp, fyp%E3%82%B7, foryoupage, jeffbandy, dontletthisflop, footballszn, miami, goviral",jeffbands_6,466100
4,25,original sound - PRIME,drinkprime,drinkprime,282200
4,26,original sound - dadchats,,dadchats,1500000
4,27,original sound - Jason Derulo,"@brentrivera, happybirthday, reptiles, awesome, wildlife, birthdaysurprise, funny, comedy, lol, tiktok, animalsoftiktok, reptilesoftiktok, zookeeper, wow",jayprehistoricpets,39100
4,28,original sound - Homa-â˜…Fanpageâ˜…,"homm9k, homa, homaxxfan, foryoupage, foryou, fyp, somineral",homaxx.fan,2841
5,0,original sound - billboard,"@spotify, @icespicee, grammys, icespice, icespicemusic, bestnewartist, spotify, livemusic, liveperformance, awards, awardsshow, spotifymusic, singersongwriters, songwritersoftiktok, songwriters",billboard,62000
5,1,Kingston by Faye Webster - kolikelii,"@jazjaz123891, fyp, daughter, fyp%E3%82%B7%E3%82%9Aviral",thelitfamily4l,169900
5,2,David Guetta Im Good - ğ•Šğ•¦ğ•Ÿğ•¤ğ•–ğ•¥-pubg_ff,,per_ania,50200
5,3,son original - Laurdich,,madtrinity,175400
5,4,original sound - The Reddit Cook,"reddit, redditstories, redditstory, redditreadings, redditstorytime, reddit_tiktok, fyp, viral, foryoupage, stories, usa",the_reddit_cook,419000
5,5,original sound - The CrunchBros,"soupdumplings, eatmila, fatherson",thecrunchbros,1000000
5,6,smoke it off - cup1d à¾€à½²à¾€à½²,"fyp, pourtoi",cyber.ghetto,39400
5,7,original sound - urfav.rtc,foryoupage,urfav.rtc,91800
5,8,original sound - Blondemilkman,"fyp, askkj, xyzbca, fyp",a.s.k_kj,179200
5,9,original sound - Karen,"foryou, fyp",user416881636533,2983
5,10,Free Mind - Tems,fyp,sailorkinsley,79300
5,11,Ø§Ø¨Ø§Ø­Ø§Ù‡ Ø§Ù„Ù…Ù„ÙƒØ© Ø´ÙˆÙ‚ - DJ Shoug,,di1araa.s,387400
5,12,Slow Start - Law_Yiso_JHB,"carguy, firstdate, benz, bmw, seconddate%3F",.jojojohana,124900
5,13,Back Lit - Rod Wave,,slimelifejay7,24000
5,14,original sound - TJTOBII,"roblox, robloxhoodgame, gang, drill, opps",streetzwarofficial,6744
5,15,som original - ğ“¥ğ“²ğ“± â˜…Â°ï½¡ ğŸ§âœ®,"vinniehacker, vinniehackerfp, vinniehackeresdits, vinniehackeredit, foryoupage, foryourpage, vinnie, nostalgia, @editxs__viih, @vhackerr",03.30.h,670800
5,16,original sound - Athena Peros,,athena.parisss,132200
5,17,original sound - ayp0z,"fyp, roblox, gojo, jjk",ayp0z,282000
5,18,son original - NODDI,"e4n, e4notti%F0%9F%95%8A, oy, nyc, notti, nottiosama, ddosama, sugarhillddot, brother, edit, forever14, nottiworld%F0%9F%8C%8D, ripnottiosama, quality, explore, viral, fyp, rap, song, music, forever14, fyp%E3%82%B7",noddi_edits,27100
5,19,Tacata - Tiagz,,eloan_vnr,11600
5,20,original sound - Kylie Perkins,"epilepsyawareness, seizures, childrenshospital, epilepsywarrior",sociallykylie,166800
5,21,original sound - B I A N C A,"pokerface, challange, ladygaga, new, dance, duet, douyin, %F0%9F%A4%8D, %F0%9F%96%A4, trening, following, viral, fyp, fouyou, parati",yanhui1819,21000
5,22,Monkeys Spinning Monkeys - Kevin MacLeod & Kevin The Monkey,fyp,toodirtydom,2900000
5,23,original sound - ğŸ§,,francesc_a5,48
5,24,original sound - SpotifySongs,"foryoupage, fyp, xyzbca, viral, trending, fyp",absolutehumanbeing,78700
5,25,original sound - Movies 2023ğŸ¿ğŸ¥,"movie, films, film, fyp, horror",movieshub059,335000
